question,legal_accuracy,citation_precision,reasoning
هل النصب في التجارة يُعاقب عليه القانون؟,4,2,التحليل القانوني صحيح بشكل عام، لكنه لم يذكر المواد القانونية الصحيحة. المادة 372 من قانون العقوبات تم ذكرها بدلاً من المواد الأخرى المذكورة في الجواب الصحيح.
شخص باعني منتج مزور، هل هذا يعتبر جريمة؟,4,3,التحليل القانوني صحيح بشكل عام، لكنه يحتوي على بعض الأخطاء في التحديدات القانونية. تم ذكر المواد الصحيحة ولكن مع وجود بعض الالتباسات في المادة 432 التي لم يتم ذكرها في الجواب الأصلي. بالإضافة إلى ذلك، هناك إشارة خاطئة للمادة 203 والمواد 172 و228 التي لم تذكر في الجواب.
ما هي عقوبة الغش في بيع السلع؟,3,2,التحليل القانوني يحتوي على بعض المعلومات الصحيحة لكنه غير دقيق نسبياً في تحديد العقوبات المحددة. لم يتم ذكر الغرامة المرتبطة بالحبس أو الحد الأقصى لها كما في الجواب الصحيح. فيما يتعلق بالمراجع، تم إشارة إلى مواد قانونية خاطئة مثل المادة 358 من القانون المدني والمادة 800 من القانون التجاري والتي لا تتعلق بجرائم الغش في بيع السلع.
هل يمكنني رفع شكوى ضد تاجر خدعني؟,4,3,التحليل القانوني صحيح بشكل عام، لكنه يحتوي على بعض الأخطاء في التفاصيل. تم ذكر المواد الصحيحة ولكن مع وجود بعض الالتباسات في المادة 431 التي ليست ذات صلة بالقضية. بالإضافة إلى ذلك، لم يتم ذكر العقوبات المحددة كما في الجواب الصحيح.
ما هي عقوبة إصدار شيك بدون رصيد؟,4,3,التحليل القانوني صحيح بشكل عام، لكنه يفتقد بعض التفاصيل المهمة من الجواب الصحيح. لم يتم ذكر شرط عدم وجود رصيد كافٍ أو استخدام الشيك كضمان. كما أن هناك إشارة خاطئة إلى مواد قانونية غير مذكورة في الجواب الصحيح.
هل عدم تسليم السلعة بعد الدفع يعتبر جريمة؟,3,2,التحليل القانوني يحتوي على بعض الأخطاء في الفهم والتطبيق، حيث أن المادة 168 من القانون المدني تتعلق بالتبعية بعد السرقة وليس عدم التسليم. بالإضافة إلى ذلك، لم يتم ذكر المواد المذكورة في الجواب الصحيح بشكل دقيق. 
هل التزوير في الفواتير يعاقب عليه؟,4,3,الإجابة تغطي معظم النقاط القانونية بشكل صحيح، لكنها تحتوي على بعض الأخطاء في التحليل. تم ذكر المادة الصحيحة (219) ولكن لم يتم استعراض المواد الأخرى المذكورة بدقة كافية. 
ما عقوبة سرقة معدات من محل تجاري؟,4,3,التحليل القانوني صحيح بشكل عام، لكنه يخلط بين أنواع السرقة. لم يتم ذكر المادة 352 بشكل دقيق كمصدر أساسي للعلاقة مع محل تجاري كما في الجواب الصحيح. 
هل يمكن متابعة موظف سرق من الشركة؟,3,2,الإجابة غير دقيقة قانونيًا لأنها لم تذكر المادة 352 من قانون العقوبات التي هي الأكثر صلة بالسؤال. بالإضافة إلى ذلك، هناك خطأ في الاستشهادات القانونية حيث تم ذكر مادة 223 التي لا علاقة لها بالسرقة المباشرة.
ما هي عقوبة خيانة الأمانة في التجارة؟,4,5,التحليل القانوني صحيح بشكل عام، لكنه يغطي مادة إضافية (383) غير مرتبطة مباشرة بالسؤال. ومع ذلك، يتم ذكر العقوبات المحددة في المادة 376 بدقة.
هل نشر معلومات كاذبة عن شركة جريمة؟,4,3,التحليل القانوني يغطي معظم النقاط المذكورة في الإجابة الصحيحة، لكنه لم يركز بشكل كافٍ على المادة 172 من قانون العقوبات المتعلقة بالمضاربة غير المشروعة. كما أن بعض المعلومات مثل الغرامات وال刑期在阿拉伯语中应为“الغرامات وال刑期”，但根据上下文，这里应该是指具体的刑罚和罚款范围。为了保持准确性，我们使用正确的术语：“الغرامات وال刑期”。因此，修正后的解释如下：
هل يمكن معاقبة شخص على المنافسة غير الشريفة؟,3,2,الإجابة غير دقيقة قانونياً نظراً لعدم ذكر المواد القانونية الصحيحة مثل المادة 172 من قانون العقوبات. كما أن الإشارة إلى الأمر 03-03 المتعلق بالمنافسة غير دقيقة نسبياً، حيث أن المادة 26 منه لا تتناول المنافسة غير الشريفة بشكل مباشر. بالإضافة إلى ذلك، لم يتم ذكر المواد الأخرى ذات الصلة مثل المادة 45 من قانون العقوبات.
ما عقوبة التهديد في إطار العمل؟,4,5,التحليل القانوني صحيح بشكل عام، لكنه لم يغطي جميع النقاط المذكورة في الإجابة الصحيحة. على سبيل المثال، لم يتم توضيح أهمية تحديد طبيعة التهديد وشروطه. ومع ذلك، تم ذكر جميع المواد القانونية بشكل صحيح.
هل الاحتيال الإلكتروني (online scam) جريمة؟,4,3,التحليل القانوني صحيح بشكل عام، لكنه لم يذكر جميع الشروط المحددة في الجريمة كما في النص الأصلي. بالإضافة إلى ذلك، لم يتم ذكر المادة 350 التي تتعلق بالقصد الجنائي.
ما هي عقوبة انتحال صفة شركة؟,4,3,التحليل القانوني صحيح بشكل عام، لكنه يحتوي على بعض الأخطاء في التحديد. تم ذكر المادة الصحيحة (372 من قانون العقوبات) ولكن لم يتم استعراض المواد الأخرى المذكورة بدقة كافية. 
هل استغلال أموال الشركة بشكل غير قانوني جريمة؟,4,3,التحليل القانوني صحيح بشكل عام، لكنه يحتوي على بعض الأخطاء في التفاصيل. تم ذكر المواد الصحيحة ولكن مع وجود بعض الالتباسات في تطبيقها. 
هل يمكن سجن شخص بسبب ديون تجارية؟,4,3,التحليل القانوني صحيح بشكل عام، لكنه يخلط بين الإفلاس بالتقصير والإفلاس بالتدليس. كما أن بعض المعلومات غير الضرورية تم ذكرها مثل المادة 18 من قانون العقوبات والمواد المتعلقة بتعريض الدولة للخطر.
ما الفرق بين النصب وخيانة الأمانة؟,4,3,الإجابة تلتقط الفرق بين النصب وخيانة الأمانة بشكل جيد، لكنها لا تقدم التفاصيل القانونية الكاملة كما في الإجابة الصحيحة. بالإضافة إلى ذلك، هناك بعض الأخطاء في المراجع القانونية مثل ذكر المادة 377 التي ليست موجودة.
هل يمكن متابعة شريك تجاري جزائياً؟,4,3,التحليل يغطي معظم النقاط القانونية المذكورة في الإجابة الصحيحة، لكنه يضيف مواد قانونية غير ضرورية ويفتقد بعض التفاصيل. هناك إشارة خاطئة للمادة 28 كمصدر للعقوبة الجزائية.
ما هي الجرائم المرتبطة بالإفلاس؟,4,3,التحليل القانوني صحيح بشكل عام، لكنه يحتوي على بعض الأخطاء والخلطات. تم ذكر المواد الصحيحة ولكن لم يتم توضيح التفاصيل الدقيقة مثل أن الإفلاس البسيط هو جناية بينما الإفلاس بالتدليس هو جريمة أكبر. كما أن هناك إشارة خاطئة إلى المادة 382 مكرر من قانون العقوبات والتي ليست ذات صلة بالجرائم المرتبطة بالإفلاس.
هل إخفاء الأرباح للتهرب الضريبي جريمة؟,3,2,التحليل القانوني غير دقيق نسبياً حيث تم الخلط بين مواد مختلفة وتم تفسير بعض المواد بشكل خاطئ. بالإضافة إلى ذلك، لم يتم ذكر جميع المراجع الصحيحة كما في الإجابة الصحيحة.
ما عقوبة تزوير العقود التجارية؟,4,3,الإجابة تغطي معظم النقاط القانونية بشكل صحيح، لكنها لم تذكر المادة 216 التي تحدد أن المحرر التجاري هو جزء من الجريمة. كما أنها ذكرت بعض المواد غير الضرورية مثل المادة 372 والقانون التجاري - المادة 800 والقانون التجاري - المادة 548.
هل يمكن متابعة مورد لم يحترم العقد؟,4,3,التحليل القانوني يغطي النقاط الرئيسية ولكن بشكل عام، لم يتم توضيح جميع العناصر المذكورة في الإجابة الصحيحة. بالإضافة إلى ذلك، هناك بعض الأخطاء في الاستشهادات القانونية.
ما عقوبة بيع منتجات خطيرة أو فاسدة؟,4,3,التحليل القانوني يغطي معظم النقاط المذكورة في الإجابة الصحيحة، لكنه لم يذكر العقوبات الأكثر شدة كما هو محدد في المادة 432. فيما يتعلق بالاستشهادات، فقد تم ذكر بعض المواد بشكل غير دقيق أو إضافي.
هل يمكن تقديم شكوى ضد شركة وهمية؟,4,3,الإجابة تغطي معظم النقاط القانونية بشكل صحيح، لكنها لم تذكر جميع المواد المذكورة في الجواب الصحيح. بالإضافة إلى ذلك، هناك بعض الخلط في فهم أن الشركة الوهمية نفسها غير قانونية، مما أدى إلى عدم ذكر بعض النقاط الهامة مثل عدم القدرة على تقديم شكوى مباشرة ضدها.
هل العقد الشفهي ملزم قانونياً؟,3,2,التحليل القانوني يحتوي على بعض الأخطاء في الفهم، مثل الاعتماد بشكل كبير على المادة 60 التي لا تتعلق بالعقود الشفوية. لم يتم ذكر المواد الصحيحة المذكورة في الجواب الصحيح. بالإضافة إلى ذلك، هناك خطأ في الاستشهاد بالمادة 56 بدلاً من المادة 328.
كيف يمكن فسخ عقد بين طرفين؟,3,4,التحليل القانوني يغطي بعض الحالات الصحيحة مثل فسخ عقد البيع والاتفاقي أو التلقائي، لكنه يفتقر إلى تفاصيل أخرى مهمة مثل فسخ العقد خلال فترة التجربة ولفسخ التلقائي. لم يتم ذكر المادة 20 من قانون العمل الجزائري بشكل صحيح.
ماذا يحدث إذا لم يلتزم أحد بالعقد؟,4,3,التحليل القانوني يغطي معظم النقاط المذكورة في الإجابة الصحيحة، لكنه يحتوي على بعض الأخطاء والخلطات. تم ذكر المواد الصحيحة ولكن لم يتم توضيحها بشكل دقيق كما في الإجابة الصحيحة. 
هل يمكن المطالبة بالتعويض عن الضرر؟,3,2,الإجابة المنشورة تحتوي على بعض المعلومات القانونية الصحيحة، لكنها تركز بشكل كبير على موضوع البناءات والشركاء بدلاً من التعويض عن الضرر. بالإضافة إلى ذلك، لم يتم ذكر المواد القانونية المتعلقة بالتعويض عن الضرر بشكل دقيق كما في الإجابة المرجعية.
ما هي شروط صحة العقد؟,4,3,التحليل القانوني يغطي معظم النقاط المذكورة في الإجابة الصحيحة، لكنه يضيف بعض الشروط مثل 'المدة' و 'الشكل القانوني' التي ليست ضمن شروط صحة العقد الأساسية. كما أن هناك إشارة خاطئة إلى المادة 71 من القانون المدني كجزء من شروط صحة العقد.
هل يمكن تعديل العقد بعد توقيعه؟,4,3,التحليل القانوني يغطي النقاط الرئيسية ولكن بشكل عام، لم يتم تضمين جميع الشروط والمواد القانونية المذكورة في الجواب الصحيح. بالإضافة إلى ذلك، هناك بعض الأخطاء في التحديد مثل إشارة إلى المادة 384 من القانون المدني بدلاً من المادة الصحيحة.
ماذا أفعل إذا لم يدفع لي الزبون؟,4,3,التحليل القانوني يغطي جوانب مهمة من القضية، لكنه لم يركز بشكل كافٍ على حقوق الدائن في حالة عدم الدفع. تم ذكر بعض المواد الصحيحة ولكن مع وجود خلط بين العقوبات الجنائية والحقوق المدنية. لم يتم الإشارة إلى المادة 215 الخاصة بالوقف عن الدفع.
هل يمكن إجبار الطرف الآخر على تنفيذ العقد؟,4,3,الإجابة تغطي معظم النقاط القانونية المذكورة في الإجابة الصحيحة، لكنها لم تذكر المادة 119 بشكل كامل ودقيق كما هو مطلوب. بالإضافة إلى ذلك، تم ذكر بعض المواد غير المرتبطة بالسؤال مثل المادة 56 والمادة 65.
ما هي المسؤولية المدنية؟,4,5,التحليل القانوني صحيح بشكل عام، لكنه يحتوي على بعض التكرار والتعقيد غير الضروري. لم يتم ذكر المادة 178 من القانون المدني التي ذُكرت في المعايير المتوقعة.
كيف يتم حساب التعويض؟,4,3,التحليل القانوني صحيح بشكل عام، لكنه يفتقر إلى التفاصيل المحددة مثل المادة None من قانون العمل الجزائري. بالإضافة إلى ذلك، لم يتم ذكر بعض المواد القانونية المذكورة في الجواب الأصلي.
هل يمكن إلغاء عقد البيع؟,4,3,التحليل القانوني يغطي بعض القواعد القانونية الصحيحة، لكنه يفتقد إلى تفصيلات مهمة من المحتوى المتوقع. لم يتم ذكر المادة 365 من القانون المدني أو المادة 109 من القانون التجاري. كما أن التحليل يخلط بين قوانين مختلفة دون تمييز واضح.
ما الفرق بين البطلان والفسخ؟,4,3,التحليل القانوني صحيح بشكل عام، لكنه يحتوي على بعض الأخطاء والخلطات. تم ذكر المواد الصحيحة ولكن لم يتم توضيح الفرق بين البطلان والفسخ بشكل دقيق كما في الجواب الصحيح. بالإضافة إلى ذلك، هناك إشارة خاطئة إلى أن المادة 288 تتعلق بالبطلان الجزئي.
هل يمكن استرجاع عربون؟,4,3,التحليل يغطي معظم النقاط القانونية المذكورة في الإجابة الصحيحة، لكنه يضيف مواد قانونية غير متعلقة مثل المادة 103 و 168. بالإضافة إلى ذلك، لم يتم ذكر الشروط الأساسية كما في الإجابة الصحيحة.
ماذا يحدث إذا تأخر التسليم؟,3,2,التحليل القانوني غير دقيق حيث أن المادة 168 تتعلق بالهلاك قبل التسليم والسرقة، وليس تأخر التسليم. المراجع الأخرى مثل المواد 394 و 65 لا تتعلق مباشرة بتأخير تسليم البضائع. بالإضافة إلى ذلك، لم يتم ذكر جميع النقاط الهامة في الجواب الأصلي مثل التعويض عن الضرر والمطالبة بتسليم الشيء فوراً.
هل العقد بدون توثيق قانوني صحيح؟,4,3,الإجابة تغطي معظم النقاط القانونية المذكورة في الإجابة الصحيحة، لكنها لم تذكر بعض المواد بشكل دقيق. بالإضافة إلى ذلك، هناك بعض الخلط في الترتيب والترابط بين المعلومات.
ما هي القوة القاهرة في العقود؟,4,3,التحليل القانوني صحيح بشكل عام، لكنه يحتوي على بعض الأخطاء في التفاصيل. تم ذكر المواد الصحيحة ولكن لم يتم توضيح جميع النقاط المذكورة في الإجابة الصحيحة. 
هل يمكن فسخ العقد بسبب الغش؟,3,2,الإجابة المولدة تحتوي على بعض المعلومات القانونية الصحيحة ولكنها تفتقد إلى التركيز على المواد المحددة في السؤال الأصلي. بالإضافة إلى ذلك، تم ذكر مواد غير مطلوبة مثل المادة 34 والقانون التجاري - المادة 12، مما يقلل من دقة الاستشهاد.
كيف أثبت وجود اتفاق؟,4,3,التحليل القانوني يغطي معظم النقاط المذكورة في الإجابة الصحيحة، لكنه لم يذكر المادة 184 من القانون المدني التي تتعلق بطرق إثبات العقد التجاري. كما أن بعض المعلومات مثل سندات عرفية وفواتير مقبولة لم يتم ذكرها بشكل دقيق. فيما يتعلق بالاقتباسات، فقد تم استشهاد بالمادة 545 مرتين بدلاً من المادة 30 التي ذُكرت في الإجابة الصحيحة.
هل يمكن رفع دعوى بدون عقد مكتوب؟,4,5,التحليل القانوني صحيح بشكل عام، لكنه يضيف بعض المعلومات التي لم تكن موجودة في الإجابة الصحيحة، مثل المادة 13 و 60 من قانون الأدلة الجنائية. ومع ذلك، يتم استشهاد بالمادة 418 والمواد الأخرى بشكل صحيح.
ما هي آجال التقادم في الديون؟,3,2,الإجابة غير دقيقة في بعض النقاط، حيث أن المادة 309 تتعلق بالديون المتاخرة والرواتب والمعاشات والإيجارات وليس الديون الدورية المتجددة كما ذكرت. بالإضافة إلى ذلك، لم يتم ذكر المعلومات الصحيحة عن آجال التقادم للديون المحكوم بها. فيما يتعلق بالمراجع، فقد تم استشهاد بمقالات غير موجودة في النص الأصلي.
ماذا أفعل إذا أخل المورد بالاتفاق؟,3,2,الإجابة المولدة تحتوي على بعض الأخطاء القانونية، مثل الخلط بين مبادئ تبعية الهلاك والإجراءات القانونية لخرق العقد. كما أن الإجراءات المقترحة لا تتناسب مع السياق القانوني المقدم في الجواب الصحيح. فيما يتعلق بالاقتباسات، فقد تم ذكر مواد غير مناسبة مثل المادة 432 و 850.
هل يمكن تحميل المسؤولية لشخص ثالث؟,3,2,التحليل القانوني يغطي بعض الحالات الصحيحة مثل الرقابة والقوة القاهرة، لكنه يخلط بين مفاهيم مختلفة. لم يتم ذكر الوكالة أو حراسة الشيء بشكل صحيح. كما أن هناك إشارات خارج السياق إلى مواد غير مرتبطة بالسؤال.
ما هي شروط التعويض عن الضرر التجاري؟,3,2,"الإجابة المولدَة تحتوي على بعض المعلومات القانونية الصحيحة، لكنها ت Mixing unrelated laws and conditions. It also includes irrelevant citations, such as the labor law which is not mentioned in the ground truth."
هل يمكن فسخ عقد الإيجار التجاري؟,3,2,التحليل يغطي بعض الحالات الصحيحة لفسخ عقد الإيجار التجاري، لكنه يفتقر إلى تفاصيل مهمة مثل فسخ العقد بسبب خطأ طرفي أو عدم صيانة العين المؤجرة. كما أن المصادر المذكورة غير دقيقة وغير متطابقة مع ما هو متوقع في الجواب الصحيح.
هل يمكن المطالبة بالفوائد على التأخير؟,3,2,التحليل القانوني يحتوي على بعض الأفكار الصحيحة لكنه لم يركز بشكل كافٍ على المواد المذكورة في الجواب الصحيح. هناك إشارة خاطئة إلى مواد غير ذات صلة مثل المادة 309 و756 مكرر، مما يؤثر سلباً على الدقة القانونية. فيما يتعلق بالاقتباسات، فقد تم ذكر بعض المواد الصحيحة لكن لم يتم استعراضها بشكل دقيق كما في الجواب الصحيح.
ماذا يحدث إذا توفي أحد أطراف العقد؟,4,3,التحليل يغطي معظم الحالات القانونية المذكورة في الإجابة الصحيحة، لكنه يفتقد بعض التفاصيل مثل تأثير وفاة المستأجر في عقود الإيجار. كما أن الاستشهادات القانونية ليست دقيقة تمامًا حيث تم ذكر مواد غير مذكورة في الإجابة الصحيحة.
هل يمكن بيع شيء لا أملكه؟,4,3,التحليل القانوني صحيح بشكل عام، لكنه يحتوي على بعض المعلومات غير ذات صلة. تم ذكر مواد قانونية إضافية مثل المادة 272 و 408 و 404 التي لا تتعلق بالسؤال الأساسي. بالإضافة إلى ذلك، لم يتم ذكر المادة 369 والمواد الأخرى المذكورة في الجواب الأصلي.
ما هي التزامات البائع؟,4,3,التحليل القانوني صحيح بشكل عام، لكنه يحتوي على بعض الأخطاء والخلطات. تم ذكر المادة 387 بدلاً من 361، وتم إضافة مادة 406 التي ليست ذات صلة بالتزامات البائع الرئيسية. ومع ذلك، فإن معظم التزامات البائع المذكورة موجودة بشكل صحيح.
ما هي التزامات المشتري؟,3,2,الإجابة المولدة تحتوي على بعض المعلومات القانونية الصحيحة، لكنها تفتقد لتفاصيل مهمة من الإجابة المتوقعة. لم يتم ذكر التزامات المشتري بخصوص عدم وجود حجوزات مخفية أو نقل الحق أو تحمل تكاليف البيع. كما أن هناك خطأ في الاستشهاد بالمادة 750 مكرر التي ليست موجودة في القانون المدني الجزائري.
كيف أحمي نفسي قانونياً في عقد؟,4,2,التحليل القانوني صحيح بشكل عام، لكنه يفتقد إلى الإشارة إلى المواد القانونية المحددة كما في الجواب الصحيح. بالإضافة إلى ذلك، لم يتم ذكر أي عقوبات محددة رغم أنها موجودة في الجواب الصحيح.
كيف أقدم طعن ضد قرار إداري؟,4,4,التحليل القانوني صحيح بشكل عام، لكنه يفتقر إلى بعض التفاصيل المذكورة في الجواب الصحيح. على سبيل المثال، لم يتم ذكر الشروط الخاصة بتقديم الطعن الإداري مثل وجود قرار إداري متضرر منه. بالإضافة إلى ذلك، تم استشهاد بمادة 800 من قانون الإجراءات المدنية والإدارية بشكل غير صحيح.
لماذا تم رفض طلبي لفتح محل؟,4,3,التحليل القانوني صحيح بشكل عام، لكنه يحتوي على بعض الأخطاء في الاستشهادات. تم ذكر المادة 807 التي ليست موجودة في القانون المذكور، وتم إهمال استشهاد بالمادة 31 من قانون 04-08 بشكل كامل.
كيف أتحصل على رخصة تجارية؟,4,3,الإجابة المنشورة تحتوي على معلومات دقيقة بشكل عام، لكنها تختلف عن الإجابة المتوقعة في بعض النقاط. بالإضافة إلى ذلك، لم يتم ذكر العقوبات الواردة في المادة 40 من القانون 04-08 كما هو موجود في الإجابة الصحيحة. فيما يتعلق بالاستشهاد، فقد تم استشهد ببعض المواد القانونية بشكل غير دقيق أو غير مذكور.
ما هي الإجراءات لفتح نشاط تجاري؟,4,3,التحليل القانوني صحيح بشكل عام، لكنه يفتقد بعض المعلومات المحددة مثل المادة 19 من القانون التجاري. كما أن هناك اختلافات في التصنيفات القانونية المستخدمة مقارنة بالجواب الصحيح.
هل يمكن الطعن في غرامة إدارية؟,4,3,الإجابة تغطي معظم النقاط القانونية بشكل صحيح، لكنها لم تذكر الغرامات الجزائية بشكل واضح. كما أن بعض المراجع القانونية غير دقيقة أو غير موجودة في الجواب الأصلي.
ما هي حقوقي مع البلدية؟,4,3,الإجابة تغطي معظم النقاط القانونية بشكل صحيح، لكنها لم تذكر جميع الحقوق المحددة للمواطن تجاه البلدية كما في الإجابة الصحيحة. بالإضافة إلى ذلك، هناك بعض الأخطاء في التحديدات القانونية مثل المادة 745 و 743 والـ 507 مكرر 1 التي لا تنطبق على السؤال.
كيف أتعامل مع تعسف الإدارة؟,4,5,التحليل القانوني صحيح بشكل عام، لكنه يفتقد بعض التفاصيل المهمة مثل مخاطبة طبيعة التعسف. ومع ذلك، تم استشهاد بالمصادر القانونية بشكل صحيح.
ما هي الوثائق المطلوبة لفتح شركة؟,4,3,التحليل القانوني صحيح بشكل عام، لكنه يفتقد بعض المعلومات المذكورة في الجواب الصحيح. بالإضافة إلى ذلك، هناك تكرار في الاستشهاد بالمادة 548 من القانون التجاري.
هل يمكن مقاضاة إدارة عمومية؟,4,3,التحليل القانوني صحيح بشكل عام، لكنه يفتقد بعض النقاط المهمة من الجواب الصحيح. كما أن الاستشهاد بالمواد القانونية غير دقيق في بعض الأماكن.
كم تستغرق الإجراءات الإدارية؟,3,2,التحليل القانوني يغطي بعض النقاط الصحيحة مثل المادة 807، لكنه يفتقد إلى توضيح معلومات أخرى مهمة من الجواب الصحيح. بالإضافة إلى ذلك، تم ذكر مواد غير موجودة في الجواب الأصلي مثل المواد 40 و65 و12.
كيف أستخرج سجل تجاري؟,4,3,التحليل القانوني صحيح بشكل عام، لكنه يفتقد بعض التفاصيل المحددة في الجواب الصحيح. كما أن هناك بعض الأخطاء في الاستشهاد بالمواد القانونية.
ماذا أفعل إذا تأخرت الإدارة؟,3,2,الإجابة تركز بشكل كبير على المادة 807 و 829 من قانون الإجراءات المدنية والإدارية، مما يجعلها غير مكتملة في التعامل مع جميع جوانب السؤال. بالإضافة إلى ذلك، هناك إشارة خاطئة إلى مواد أخرى مثل المواد 65 و168 من القانون المدني والتي لم يتم ذكرها في الجواب الأصلي.
هل يمكن طلب تعويض من الدولة؟,3,2,التحليل القانوني يغطي بعض النقاط الصحيحة، لكنه لم يذكر المادة 140 مكرر 1 التي تتعلق بالتعويض عن الضرر الجسماني. بالإضافة إلى ذلك، هناك خطأ في الاستشهادات حيث تم ذكر قانون العمل الجزائري بدلاً من المواد المطلوبة.
ما هي شروط ممارسة نشاط تجاري؟,4,3,التحليل القانوني يغطي معظم الشروط المذكورة في الجواب الصحيح، لكنه يخلو من بعض النقاط مثل الترخيص الإداري والسن القانوني. كما أن هناك إشارة خاطئة للمادة 8 من القانون 04-08 والتي لم تذكر في الجواب الصحيح.
كيف أتعامل مع الضرائب المفروضة؟,3,2,الإجابة تغطي بعض النقاط القانونية بشكل عام، لكنها لا تلبي جميع المتطلبات المذكورة في الإجابة الصحيحة. بالإضافة إلى ذلك، هناك اختلافات في التحديد الدقيق للمواد القانونية المستخدمة.
هل يمكن لصاحب العمل عدم دفع راتبي؟,4,3,التحليل القانوني صحيح بشكل عام، لكنه يفتقد بعض المعلومات المهمة من الجواب الصحيح. بالإضافة إلى ذلك، هناك إشارة خاطئة للمادة في القانون الجزائري.
ما هي حقوق العامل في الجزائر؟,3,2,التحليل يغطي بعض حقوق العمال بشكل عام، لكنه لا يتناول جميع النقاط المذكورة في الإجابة الصحيحة. لم يتم ذكر حقوق الراحة أو التسريح التعسفي أو حماية الأجر ومنع الاقتطاعات غير القانونية. كما أن الاستشهادات القانونية غير دقيقة وجزئية.
هل يمكن طردي بدون سبب؟,3,2,التحليل القانوني يركز على طرد المديرين وليس العمال بشكل عام. لم يتم توضيح أن طرد العامل بدون سبب مهني جسيم غير قانوني. بالإضافة إلى ذلك، لم يتم ذكر المواد الصحيحة من قانون العمل الجزائري.
ما هي مدة الإشعار قبل الاستقالة؟,4,3,التحليل القانوني صحيح بشكل عام، لكنه يحتوي على بعض الأخطاء في الاستشهادات. تم ذكر المادة 12 من قانون 90-11 المتعلق بعلاقات العمل بدلاً من المادة 68، مما يؤثر على دقة الاستشهادات.
هل العقد الشفهي في العمل مقبول؟,3,2,الإجابة غير دقيقة قانونياً لأنها تؤكد على عدم قبول العقد الشفهي بشكل عام، بينما القانون الجزائري يقبله بشرط توفر شروط معينة. بالإضافة إلى ذلك، الإشارة الخاطئة للمادة 8 من قانون رقم 90-11 يتعلق بعلاقات العمل.
ماذا أفعل إذا لم أحصل على عقد؟,3,4,الإجابة تتناول بعض النقاط القانونية بشكل صحيح، لكنها لم تغطي جميع الجوانب المذكورة في الإجابة الصحيحة. بالإضافة إلى ذلك، تم ذكر مواد قانونية غير مطلوبة.
هل يمكن العمل بدون تصريح؟,4,3,الإجابة تغطي معظم النقاط القانونية بشكل صحيح، لكنها لم تذكر جميع المواد المذكورة في السؤال الأصلي. بالإضافة إلى ذلك، هناك بعض الخلط في التوضيح حول العقوبات والتصاريح.
ما هي ساعات العمل القانونية؟,3,2,التحليل القانوني يحتوي على بعض الأخطاء والتناقضات في المعايير القانونية المذكورة. لم يتم ذكر المادة 22 بشكل صحيح، وتم الخلط بين المواد القانونية. بالإضافة إلى ذلك، تم إضافة مصادر غير مرغوب فيها مثل المادة 11 من قانون 90-11.
هل يحق لي عطلة مدفوعة؟,4,3,التحليل القانوني يغطي معظم النقاط المذكورة في الإجابة الصحيحة، لكنه لم يذكر المادة 43 بشكل كامل. كما أن بعض المعلومات مثل العطلة الإضافية لم يتم ذكرها بشكل دقيق. فيما يتعلق بالاستشهاد، فقد تم استشهد بالمادة 45 التي ليست موجودة في المصدر المقدم.
ما هي حقوقي في حالة الفصل؟,4,3,الإجابة تغطي معظم النقاط القانونية المذكورة في الإجابة الصحيحة، لكنها لم تذكر المادة 103 من القانون المدني التي تتعلق بحق الشريك الباقي الاستمرار في إدارة الشركة. كما أن الإجابة لم تذكر المادة 228 من قانون الإجراءات المدنية والادارية التي تحدد إجراءات الفصل بشكل أكثر تفصيلاً.
كيف أرفع دعوى ضد صاحب العمل؟,3,4,الإجابة تغطي بعض النقاط القانونية بشكل جيد، لكنها لا تتناول جميع الجوانب المذكورة في الإجابة الصحيحة. بالإضافة إلى ذلك، هناك خطأ في تحديد المحكمة المختصة حيث ذكرت المادة 40 بدلاً من المواد 39 و43 و44.
هل يمكنني ترك العمل فوراً؟,4,3,التحليل القانوني يغطي النقاط الرئيسية ولكن هناك بعض الاختلافات في المراجع المستخدمة. لم يتم ذكر المادة 42 من قانون العمل الجزائري التي تتحدث عن العطلات الإضافية، كما أن بعض المعلومات مثل اتفاقيات العمل لم تُذكر بشكل كامل.
ما هي التعويضات عند الطرد؟,3,2,التحليل القانوني يحتوي على بعض المعلومات الصحيحة لكنه غير دقيق في تحديد التعويضات عند الطرد. لم يتم ذكر أي مادة قانونية من قانون العمل الجزائري بشكل صحيح. بالإضافة إلى ذلك، هناك إشارة خاطئة إلى أن المادة 4 و 5 من قانون العقوبات تتعلق بالتعويضات عند الطرد.
هل يمكن لصاحب العمل تغيير العقد؟,3,2,التحليل القانوني غير دقيق حيث لم يذكر النصوص القانونية الصحيحة المتعلقة بتغيير العقد. بالإضافة إلى ذلك، تم ذكر مواد قانونية خاطئة أو غير متعلقة.
ما هي حقوق المرأة العاملة؟,4,3,التحليل القانوني صحيح بشكل عام، لكنه يحتوي على بعض الأخطاء مثل ذكر المادة 11 بدلاً من المادة 80 في قانون العمل الجزائري. بالإضافة إلى ذلك، لم يتم توضيح جميع النقاط المذكورة في الجواب الصحيح.
هل يمكن العمل في أكثر من وظيفة؟,4,3,التحليل القانوني يغطي معظم النقاط المذكورة في الإجابة الصحيحة، لكنه يضيف بعض المعلومات غير الضرورية. هناك إشارة خاطئة إلى قانون العمل الجزائري - المادة 12 مرتين، مما يؤثر على دقة الاستشهاد.
ماذا يحدث في حالة إصابة عمل؟,3,2,التحليل القانوني يغطي بعض النقاط الصحيحة، لكنه لا يتناول جميع العوامل المذكورة في الإجابة الصحيحة. هناك إشارات خاطئة إلى مواد قانونية غير موجودة مثل المادة 23 من قانون العقوبات والمواد الغير موجودة في القانون الجزائري. 
هل يمكن خصم الراتب بدون سبب؟,4,3,التحليل القانوني صحيح بشكل عام، لكنه يحتوي على بعض المعلومات غير الدقيقة مثل اقتباس مادة من قانون العمل الجزائري بدلاً من الأكاديمي. بالإضافة إلى ذلك، لم يتم ذكر المادة 81 والجزء الثاني من المادة 83 من قانون 90-11 المتعلق بعلاقات العمل.
ما هي حقوق العامل في القطاع الخاص؟,4,3,التحليل القانوني يغطي معظم حقوق العامل في القطاع الخاص، لكنه لم يذكر جميع النقاط المهمة مثل الراحة الأسبوعية والتجربة. كما أن الاستشهادات القانونية ليست دقيقة تمامًا، حيث أن بعض المواد غير موجودة أو مذكورة بشكل خاطئ.
هل يمكن رفض العمل الإضافي؟,4,3,التحليل القانوني صحيح بشكل عام، لكنه يحتمل بعض التحسينات في الدقة القانونية. تم ذكر المواد الصحيحة ولكن مع وجود اختلافات في الأرقام. لم يتم استشهاد بالمادة 31 من قانون العمل الجزائري بشكل دقيق كما هو مذكور في الجواب الصحيح.
كيف يتم حساب الأجر؟,4,2,الإجابة المولدة تحتوي على معلومات دقيقة بشكل عام، لكنها تضيف معلومات غير موجودة في السؤال الأصلي. كما أنها لم تذكر المواد القانونية بشكل دقيق كالمادة 85 و 86 من قانون العمل الجزائري.
هل يمكن فسخ عقد العمل؟,4,3,التحليل القانوني يغطي معظم الحالات المذكورة في الإجابة الصحيحة، لكنه لم يذكر المادة 119 من القانون المدني التي ذكرتها الإجابة الصحيحة. كما أن بعض المعلومات مثل فترة التجربة والإجراءات القانونية لفسخ عقد العمل غير محددة بشكل كافٍ.
ما هي أنواع عقود العمل؟,2,1,الإجابة المنشورة لا تتعلق بشكل مباشر بالأسئلة المطروحة، حيث أنها تتحدث عن أنواع عقود العمل في الجزائر بناءً على قانون العمل رقم 90-11، بدلاً من التركيز على أنواع العقود الواردة في السؤال الأصلي. بالإضافة إلى ذلك، لم يتم ذكر أي من المواد القانونية المذكورة في الإجابة المتوقعة.
هل يمكن رفع شكوى لمفتشية العمل؟,4,3,التحليل القانوني صحيح بشكل عام، لكنه يفتقد بعض المعلومات المحددة من الجواب الصحيح. لم يتم ذكر المادة 147 بشكل دقيق كما في الجواب الأصلي، وتم إضافة معلومات غير ضرورية مثل المواد 40 و 14 من قانون الإجراءات المدنية والإدارية.
ماذا أفعل إذا تعرضت للظلم في العمل؟,4,3,الإجابة تغطي معظم النقاط القانونية بشكل صحيح، لكنها لم تذكر المواد المحددة من قانون العمل الجزائري. بالإضافة إلى ذلك، هناك بعض الخلط في الإشارات القانونية مثل استخدام المادة 11 من قانون 90-11 مرتين.
كيف أفتح شركة في الجزائر؟,4,3,التحليل القانوني صحيح بشكل عام، لكنه يفتقد بعض المعلومات المفصلة الموجودة في الإجابة الصحيحة. لم يتم ذكر المادة 20 من قانون التجارة الجزائري أو العقوبات الواردة في المواد 22 و28. كما أن هناك خطأ في الاستشهاد بالمادة 564 وال materia 594، اللتين غير موجودتين في القانون التجاري الجزائري.
ما الفرق بين SARL و SPA؟,2,1,الإجابة غير دقيقة قانونياً وتحتوي على خيالات. لم يتم توضيح الفرق بين SARL و SPA بشكل صحيح، بل تم التركيز على الصفة التجارية بدلاً من عدد الشركاء. بالإضافة إلى ذلك، لم يتم ذكر أي مصادر لدعم النقاط المذكورة.
ما هي شروط إنشاء شركة؟,4,3,التحليل القانوني صحيح بشكل عام، لكنه يفتقد بعض الشروط المحددة مثل تقسيم رأس المال إلى أسهم. كما أن هناك اختلافات في التواريخ المرجعية للمواد التشريعية.
كيف أكتب عقد شراكة؟,4,3,التحليل القانوني يغطي النقاط الرئيسية ولكن بعض المعلومات غير دقيقة أو غائبة. تم ذكر المواد الصحيحة لكن لم يتم توضيحها بشكل كافٍ. في الحكم الرئيسي، هناك إشارة إلى شروط عقد العمل بدلاً من عقد الشراكة. لم يتم التطرق لبعض النقاط الهامة مثل حصص الشركاء في الأرباح والخسائر وطريقة اتخاذ القرارات.
ماذا يحدث إذا انسحب شريك؟,3,2,الإجابة المولدة لم تغطي جميع النقاط الهامة في الإجابة الصحيحة، مثل إعلان الشريك عن رغبته في الانسحاب مسبقًا وشروطه. كما أن الإجابة ذكرت مواد غير ذات صلة مثل المادة 65 والقانون التجاري - المادة 590 مكرر 2 والمادة 772 والتي لم تكن ضرورية للإجابة على السؤال. بالإضافة إلى ذلك، لم يتم ذكر المادة 440 التي ذكرت في الإجابة الصحيحة.
كيف يتم تقسيم الأرباح؟,3,2,الإجابة المولدَة تحتوي على بعض المعلومات القانونية الصحيحة، لكنها لا تتناول جميع النقاط الهامة في الإجابة المتوقعة. بالإضافة إلى ذلك، تم ذكر مواد غير صحيحة أو غير متعلقة مثل المادة 135 من قانون الضرائب والمادة 4 و3 من قانون العمل الجزائري.
هل يمكن بيع حصتي في الشركة؟,4,3,التحليل القانوني صحيح بشكل عام، لكنه يغطي بعض النقاط غير الضرورية ويتجاهل بعض النقاط الهامة من الجواب الصحيح. تم ذكر المواد الصحيحة ولكن بدون توضيح سياقها بشكل كامل.
ما هي مسؤولية المدير؟,4,3,التحليل القانوني والحكم الرئيسي يغطيان معظم النقاط المذكورة في الإجابة الصحيحة، لكنه يفتقد بعض التفاصيل مثل المادة 638 ويشمل مادة غير موجودة (المادة 3). كما أن هناك خطأ في ذكر المادة 134 كمصدر بدلاً من المادة 578.
ماذا أفعل إذا خانني شريكي؟,3,2,الإجابة تغطي بعض الجوانب القانونية بشكل عام، لكنها لا تركز على خيانة الأمانة التي ذكرتها الإجابة الصحيحة. بالإضافة إلى ذلك، هناك اختلافات في التحديد الدقيق للمواد القانونية المستخدمة.
كيف أحمي فكرتي التجارية؟,4,3,التحليل القانوني صحيح بشكل عام، لكنه لم يذكر المواد القانونية المحددة كما في الجواب الصحيح. الاستشهادات الموجودة غير دقيقة ومتفرقة.
هل يمكن فتح نشاط بدون سجل تجاري؟,4,3,التحليل القانوني صحيح بشكل عام، لكنه يحتوي على بعض الأخطاء في التحديد. لم يتم ذكر المادة 25 من القانون 04-08 بشكل دقيق كما هو مذكور في الجواب الصحيح. بالإضافة إلى ذلك، هناك إشارة خاطئة للمادة 3 من القانون 18-05 المتعلق بالتجارة الإلكترونية والتي ليست ذات صلة بالسؤال.
ما هي التزامات التاجر؟,3,2,التحليل يحتوي على بعض المعلومات القانونية الصحيحة لكنه لا يغطي جميع النقاط المذكورة في الإجابة الصحيحة. هناك إشارة خاطئة إلى مواد قانون العمل بدلاً من المواد التجارية المطلوبة.
كيف يتم تسجيل شركة؟,4,3,التحليل القانوني صحيح بشكل عام، لكنه يحتوي على بعض التكرار والتفصيل الزائد. الإشارة إلى دليل إجراءات المركز الوطني للسجل التجاري غير مطلوبة حسب الجواب الصحيح. ومع ذلك، تم ذكر جميع المواد القانونية المذكورة في الجواب الصحيح.
ما هي الضرائب على الشركات؟,4,3,التحليل القانوني صحيح بشكل عام، لكنه يضيف ضرائب غير موجودة في الجواب الصحيح. كما أن التصريحات حول شروط وأحكام الضرائب على الشركات ليست دقيقة تمامًا. فيما يتعلق بالاستشهادات، فقد تم ذكر بعض المواد الصحيحة ولكن لم يتم استشهاد بالمادة 135 من قانون الضرائب المباشرة والرسوم المماثلة بشكل دقيق.
كيف أتعامل مع زبون لم يدفع؟,3,2,التحليل القانوني غير دقيق نسبياً حيث أن السؤال يتعلق بالتعامل مع الزبون في إطار العلاقات التجارية وليس الجرائم الجنائية. بالإضافة إلى ذلك، هناك خطأ في الاستشهاد بالمادة 1 من قانون العقوبات والتي ليست ذات صلة بالسؤال. لم يتم ذكر جميع المواد القانونية المذكورة في التحليل الصحيح.
ما هي إجراءات الإفلاس؟,4,3,الإجابة تغطي معظم النقاط القانونية بشكل صحيح، لكنها لم تذكر الإجراءات الخاصة بالإفلاس بدقة كما في الجواب الصحيح. بالإضافة إلى ذلك، هناك بعض الأخطاء في التحديد مثل ذكر المادة 589 من القانون التجاري بدلاً من المادة 338.
هل يمكن إغلاق الشركة بسهولة؟,4,3,التحليل القانوني يغطي بعض النقاط الصحيحة من الجواب الصحيح، لكنه يفتقد العديد من التفاصيل المهمة مثل المواد 440، 441، و 442 من القانون المدني. بالإضافة إلى ذلك، لم يتم ذكر جميع القوانين المذكورة في الجواب الصحيح.
كيف أرفع دعوى تجارية؟,4,3,الإجابة تغطي معظم النقاط القانونية المذكورة في الإجابة الصحيحة، لكنها تحتوي على بعض الأخطاء مثل ذكر المادة 30 من القانون التجاري بدلاً من المادة 90. بالإضافة إلى ذلك، لم يتم استعراض العقوبات بشكل دقيق كما هو محدد في الجواب الصحيح.
ما الفرق بين التاجر والشركة؟,4,3,التحليل القانوني صحيح بشكل عام، لكنه يفتقد بعض التفاصيل المهمة من الجواب الصحيح. كما أن الاستشهاد بالمواد القانونية غير دقيق في بعض الأماكن.
هل يمكن لشخص أجنبي فتح شركة؟,3,2,الإجابة المنشورة تحتوي على بعض المعلومات القانونية الصحيحة، لكنها تفتقد إلى التفاصيل الدقيقة المذكورة في الإجابة المتوقعة. بالإضافة إلى ذلك، تم ذكر مواد قانونية غير متعلقة بالسؤال.
ما هي شروط التجارة الإلكترونية؟,4,3,الإجابة تغطي معظم الشروط القانونية المذكورة في الجواب الصحيح، لكنها لم تذكر جميع النقاط الهامة مثل التسجيل التجاري والرخص الإدارية. كما أن بعض المعلومات مثل المادة 25 من قانون 04-08 لم يتم ذكرها.
هل البيع عبر الإنترنت قانوني؟,4,3,التحليل القانوني صحيح بشكل عام، لكنه يفتقد بعض التفاصيل المهمة مثل المادة 1 من قانون العقوبات والشروط القانونية الأخرى. كما أن الاستشهاد بالمادة 5 غير مذكور في الجواب الأصلي.
كيف أتعامل مع مورد لم يحترم العقد؟,4,3,الإجابة تغطي معظم النقاط القانونية المذكورة في الإجابة الصحيحة، لكنها لم تذكر المادة 103 والمواد 365 و261 من القانون المدني. كما أن بعض المعلومات مثل المادة 65 من القانون المدني غير متعلقة بالقضية. بالإضافة إلى ذلك، هناك خطأ في ذكر المواد القانونية المستندة إليها.
ما هي الوثائق التجارية الأساسية؟,4,3,الإجابة تغطي معظم الوثائق الأساسية ولكنها لم تذكر بعض المواد القانونية المحددة في الجواب الصحيح. بالإضافة إلى ذلك، هناك خطأ في ذكر المادة 12 من القانون التجاري والتي ليست ذات صلة بالوثائق التجارية الأساسية.
كيف أحمي علامتي التجارية؟,3,2,التحليل يغطي بعض النقاط القانونية الصحيحة، لكنه لا يلخص الإجراءات الدقيقة لحماية العلامات التجارية كما في الجواب الصحيح. هناك خطأ في الاستشهاد بالمواد القانونية، حيث أن المواد المذكورة غير متطابقة مع تلك المحددة في الجواب الصحيح.
ما هي المنافسة غير المشروعة؟,4,5,التحليل القانوني صحيح بشكل عام، لكنه يخلط بين المنافسة غير المشروعة والمضاربة غير المشروعة. بالإضافة إلى ذلك، لم يتم توضيح الهدف التجاري في التعريف.
هل يمكن فتح شركة بدون رأس مال كبير؟,4,3,الإجابة المولدة تحتوي على معلومات دقيقة بشكل عام، لكنها تضيف بعض المعلومات غير الضرورية مثل شروط عدد الشركاء في شركة المساهمة. كما أن هناك خطأ طفيف في المادة 564 التي لم يتم ذكرها بالضبط في الإجابة.
ما هي أنواع الشركات في الجزائر؟,4,3,التحليل القانوني صحيح بشكل عام، لكنه يفتقد بعض الأنواع من الشركات مثل مؤسسة ذات الشخص الوحيد وشركة التوصية. كما أن هناك خطأ في تصنيف شركة مساهمة الشركة التضامنية كنوع خاص من الشركات المساهمة، بينما يجب أن تكون نوعًا مختلفًا. فيما يتعلق بالاستشهاد، فقد تم استشهد ببعض المواد القانونية بشكل صحيح، لكن بعض الاستشهادات غير دقيقة أو غير موجودة في النص الأصلي.
كيف يتم حل النزاعات التجارية؟,3,2,التحليل يحتوي على بعض المعلومات القانونية الصحيحة، لكنه لا يغطي جميع النقاط المذكورة في الإجابة الصحيحة. هناك خطأ في الاستشهاد بالمواد القانونية، حيث أن معظم المواد المستخدمة غير مذكورة في الجواب الصحيح.
هل يمكن تغيير نشاط الشركة؟,4,3,التحليل القانوني يغطي النقاط الرئيسية ولكن بشكل عام، لم يتم استعراض المواد القانونية المحددة كما في الإجابة الصحيحة. بالإضافة إلى ذلك، هناك بعض التحديات في ذكر المصادر بدقة.
ما هي مسؤولية الشركاء؟,4,3,التحليل القانوني صحيح بشكل عام، لكنه يفتقد بعض المواد القانونية المذكورة في الجواب الصحيح. كما أن هناك خطأ في تسمية المادة 756 مكرر 2 من القانون المدني التي لم يتم ذكرها في الجواب الصحيح.
كيف أتعامل مع ديون الشركة؟,4,3,التحليل يغطي معظم النقاط القانونية المذكورة في الإجابة الصحيحة، لكنه يفتقد بعض التفاصيل مثل عدم وجود تضامن بين الشركاء إلا باتفاق صريح. كما أن هناك إشارة خاطئة إلى قانون العقوبات بدلاً من المادة 435 من القانون المدني.
